ID	Months		ListMonths			
1	January		January			Select Month
2	February		February			August
3	March		March			
4	April		April			
			June			
5	June		July			
6	July		August			
7	August		October			
			December			
8	October					
						
9	December					

	Contextures Products	
	Pivot Power Premium Add-in	Time-saving tools for pivot table power users
	UserForms for Data Entry ebook Kit	Step by step instructions and videos
	Contextures Excel Tools Add-in	Make instant backups, sort sheets, and many more tools
	Data Entry Search Popup	Makes data entry easier when choosing from long list
	Data Entry Popup	Select single or multiple items from a listbox, to enter in a single cell
	30 Excel Functions in 30 Days eBook Kit	Sample workbook and easy to follow user guide for key Excel functions

	Contextures Sites & News	
	Contextures Excel Newsletter	Weekly Excel tips, tutorials, videos, and news
	Contextures Excel Tips Website	Hundreds of tutorials, tips and sample files
	Contextures Excel Blog	Read the Excel tutorials and share your comments
	Excel Pivot Tables Blog	Pivot table tutorials and tips, with comments and questions

	Other Excel Products	
	Contextures Recommends	Other Excel tools and training, recommended by Debra
